Contractor (client),Vessel / facility,NW project & Tier-1 client,Vessel / facility type,Service line,Presence,scope,worker#,member#,EBA status,eba expiry,other unions?,Australian base,Notes,Sources
Saipem,Castorone,Scarborough trunkline — Woodside,DP3 S-lay pipelay ship,Deepwater large-diameter trunkline pipelay,Recent (2022–24),,,,,,,Transient (mob. Dampier/Broome),"433 km trunkline to Pluto LNG; completed Oct 2024. Trunkline-damage incident Jan 2024, NOPSEMA cleared restart.",saipem.com Scarborough project; worldoil.com 2024-10-14
Saipem,Saipem Endeavour,Scarborough nearshore segment — Woodside,S-lay / heavy-lift pipelay barge,Nearshore / shallow-water pipelay,Recent (2023),,,,,,,Transient,Installed ~33 km shore-approach segment the Castorone couldn't reach.,saipem.com Scarborough project
Saipem,Saipem Constellation,Jansz-Io Compression — Chevron,DP3 ultra-deepwater pipelay + heavy-lift construction,"Subsea transport & installation (compression station, moorings, umbilical)",Current (2024–26),,,,,,,Transient,LIVE 2026 (NOPSEMA OHS notice Apr 2026). Installs subsea compression station + ~135 km power umbilical from Barrow Is. Accommodation flotel Belait CSS1 (Nortrans).,lngprime.com; energynewsbulletin.net; offshore-mag.com
Saipem,Castorone (Ichthys),Ichthys 889 km GEP — INPEX,DP3 S-lay pipelay ship,Deepwater gas export pipeline,Historical (2014–16),,,,,,,Transient,Saipem's flagship historical NW/Timor Sea job (~US$1.8bn E&C). Ichthys pipelay was Saipem (not Allseas).,saipem.com Ichthys; gcaptain.com
Allseas,Audacia,Barossa gas export pipeline — Santos,S-lay pipelay vessel,Offshore rigid pipelay,Recent (2023–24),,,,,,,Transient,262 km line toward Darwin. Paused Nov 2023–Jan 2024 (court dispute); main lay done Jun 2024.,marinelink.com; offshore-mag.com
Allseas,Sandpiper,Darwin Pipeline Duplication (Barossa) — Santos,Shallow-water pipelay barge,Nearshore pipelay / shore approach,Recent (2024–25),,,,,,,Transient,~32 km shallow section + tie-in to Darwin LNG. Completed ~Mar 2025.,offshore-energy.biz; offshore-mag.com
Allseas,"Fortitude (+ Alegria, Felicity, Fortress)",Barossa GEP support spread — Santos,DP3 heavy construction / support vessels,"Survey, pre/post-lay support, testing",Recent (2023–24),,,,,,,Transient,Support fleet for the Barossa pipelay campaign.,spglobal.com; marinelink.com
Allseas,Solitaire,Gorgon/Jansz (2014) & Wheatstone 44in trunkline (2015) — Chevron,S-lay pipelay ship (one of world's largest),Deepwater large-diameter pipelay,Historical,,,,,,,Transient,"Correct attribution: Gorgon/Wheatstone pipelay was Allseas. In major upgrade 2025, not on an Aus job.",allseas.com project pages
Allseas,Lorelay,Gorgon/Jansz development (2014) — Chevron,S-lay pipelay ship,Deepwater rigid pipelay,Historical,,,,,,,Transient,Worked alongside Solitaire on 660 km of Greater Gorgon lines.,allseas.com Gorgon-Jansz
Subsea7,Seven Oceans,Scarborough (Woodside) + Barossa in-field SURF (Santos); Julimar-Brunello Ph2 2021,Rigid reel-lay pipelay vessel (PLSV),Deepwater rigid reel-lay flowlines,Recent (2023–24),,,,,,,Perth (PM office),Rigid pipe fabricated at Bintan spoolbase (Indonesia) then loaded to vessel.,offshore-mag.com; offshore-technology.com
Subsea7,Seven Oceanic,Scarborough (Woodside) + Barossa (Santos),Flex-lay construction vessel,Flexible flowline/riser/umbilical lay,Recent (2024),,,,,,,Perth (PM office),Worked alongside Seven Oceans in the 2024 campaigns.,offshore-mag.com
Subsea7,Bintan spoolbase (Indonesia),Scarborough & Barossa rigid flowlines,Spoolbase / rigid-pipe fabrication facility,Girth-welding & spooling of rigid pipeline strings,Recent/Current,,,,,,,Indonesia (not Australia),Key shore facility feeding NW reel-lay. Subsea7 has NO Australian spoolbase.,offshore-mag.com
Subsea7,Subsea7 Australia (Perth office),"Australian SURF scopes (Scarborough, Barossa, Gorgon Stage 3)",Shore base / project office,Project management & engineering,Current,,,,,,,Perth,Local PM/engineering hub; no Aus spoolbase or home-ported fleet.,subsea7.com
Subsea7,Gorgon Stage 3 spread (vessel TBD),Gorgon Stage 3 — Chevron,SURF / subsea installation (vessel unnamed),EPIC subsea infrastructure install,Likely / upcoming,,,,,,,Perth (engineering now),Awarded 18 Dec 2025 (US$150–300m). Offshore install scheduled 2028 (beyond a year) but a committed award. (Trade reports naming 'DLV2000' are wrong — that's McDermott's.),subsea7.com company news
Subsea7,Seven Seas + Rockwater 2,Original Gorgon/Jansz umbilicals (~2013) — Chevron,Flex-lay + trenching vessels,Umbilical/structure install + trenching,Historical,,,,,,,Transient,"Distinct from the current Jansz-Io Compression (which is Saipem, not Subsea7).",offshore-energy.biz
McDermott,DLV 2000,"Stybarrow & Griffin decom (Woodside); Campbell removal (Santos, Varanus)","Derrick lay vessel (2,200 t crane + S-lay)","Heavy-lift removal, pipelay, decommissioning",Recent → paused (2023–25),,,,,,,Transient,"NOPSEMA suspended Woodside Stybarrow/Griffin decom Aug 2025 after DLV 2000 lift incidents. Also historical Ichthys subsea 2016–17, GWF-2 2016.",mcdermott.com; abc.net.au 2025-08-07
McDermott,Scarborough FPU hook-up / commissioning spread,Scarborough — Woodside,Offshore HUC spread,Hook-up & commissioning of the FPU,Current (2026),,,,,,,Perth (subsea team),FPU fabricated in China; towed by Boskalis. McDermott's physical NW presence = Perth team + HUC on the moored FPU.,offshore-mag.com; mcdermott.com
McDermott,Crux jacket + topsides (fabrication),Crux — Shell (Browse Basin),EPC fabrication (Batam yard) — NOT an in-region vessel,Structural fabrication,Fabrication only (overseas),,,,,,,n/a,"FLAG: overseas fabrication only; no confirmed McDermott vessel in Browse Basin (jacket T&I by a CNOOC HLV). A fabrication/EPC link, not vessel presence.",offshore-energy.biz; energynewsbulletin.net
McDermott,McDermott Australia (Perth office),WA decommissioning + Scarborough HUC,Shore base / project office,"Project management, subsea engineering",Current,,,,,,,Perth,Local hub coordinating DLV 2000 campaigns & Scarborough hook-up.,mcdermott.com
Fugro,Fugro Australia (Perth HQ),"Woodside (rig positioning since 1995), Chevron/Gorgon, Santos, Saipem",Shore base / regional HQ,"Survey, geotech, positioning, ROV/USV, IMR support",Current,,,,,,,Perth (+ Jandakot; Dampier/Fremantle),Anchor of Fugro's NW presence. Workforce incl. ROV pilots in OA (AWU/MUA) EA bargaining — FWC majority-support determination Jan 2022. Union-relevant.,fugro.com; offshorealliance.org.au
Fugro,"Fugro Remote Operations Centre (ROC), Perth",North West Shelf uncrewed ops (Woodside & others),Shore facility (remote control centre),24/7 remote piloting of USVs & eROVs,Current (since 2022),,,,,,,Perth,Nerve centre for NW uncrewed ops; crewing / labour-displacement angle relevant to a union map.,infraco.telstra.com.au; fugro.com
Fugro,Fugro Etive,NW Shelf site-investigation & subsea support — client/project not publicly disclosed,Multipurpose geotechnical / survey & subsea (ROV/IMR) support vessel (IMO 9379686),"Geotechnical site investigation, survey, ROV & IMR support",Current,,,,,,,In-region (Fugro Perth-managed),Fugro's MAIN NW-region operating vessel at present (flagged by Troy). Bahamas-flag MPSV; specific current campaign not publicly disclosed — confirm client/scope via Fugro/NOPSEMA.,VesselFinder / MarineTraffic IMO 9379686
Fugro,Blue Essence USV fleet + eROV (incl. 'Fugro Maali'),NWS trunkline inspection (Woodside); Scarborough 433 km trunkline survey (for Saipem/Woodside),Uncrewed surface vessel (USV) + electric ROV,Remote pipeline/trunkline inspection & pipelay survey,Recent / Current,,,,,,,Australia-based (Perth-controlled),Australia's first fully-remote USV inspection (NWS 2021); Scarborough survey publicised 2025.,fugro.com case studies
Fugro,Fugro Equator,Greater Sunrise (Woodside) + Bayu-Undan CCS (Santos) pipeline surveys,Geophysical / AUV survey vessel,Deepwater site & pipeline-route survey,Likely / upcoming (2026),,,,,,,Transient (Fremantle mob.),"Mobilising Q2 2026, offshore Q4 2026 (~3 months), Timor Sea. Data processed at Fugro Perth.",offshore-mag.com 2026
Fugro,Fugro decommissioning survey / positioning spread,"Woodside WA decom (Enfield, Griffin, Stybarrow, Echo-Yodel)",Survey / positioning / IMR support,Survey & positioning for subsea decommissioning,Recent (2023–26),,,,,,,Perth,"Named among decom specialists (with TechnipFMC, Heerema, McDermott, DOF); specific vessel not itemised.",rigzone.com 2023-06-02
Fugro,"Fugro geophysical/geotech vessels (e.g. Supporter, Voyager/Scout)",NW Shelf site surveys (regional capability),Crewed geophysical & geotechnical drilling vessels,"Site survey, seabed sampling/CPT for foundations & pipelines",Historical / capability,,,,,,,Asia-Pacific (Singapore/Perth),"NW site-survey now largely USV/AUV-based; crewed geotech-drilling is regional-fleet capability, no confirmed current NW deployment.",docs.nopsema.gov.au; offshore-energy.biz
DeepOcean,DeepOcean APAC / Shelf Subsea (Perth HQ),NW Shelf IMR & 2026 WA decommissioning,Shore base / regional HQ,"Diving, ROV, IMR, subsea construction, decommissioning",Current,,,,,,,Perth,DeepOcean acquired Shelf Subsea May 2025 (now 'DeepOcean APAC'). NOPSEMA-approved dive mgmt. DeepOcean's North Sea fleet does NOT work NW Australia.,offshore-technology.com; worldoil.com
DeepOcean,Southern Star,NW Shelf IMR/decom (roams APAC),DP3 dive support vessel (sat diving + ROV),"IMR, subsea construction, decommissioning",Current (Aus-based),,,,,,,Perth / Australia,Flagship DSV; 300 m sat system; 150 t crane. Recent jobs Thailand/NZ — likely candidate for the 2026 WA decom.,shelfsubsea.com
DeepOcean,Southern Nova,NW Shelf DSV fleet (Perth-managed),DP2 dive support vessel (sat diving + ROV),"Diving, IMR, subsea support",Current,,,,,,,Australia-managed,300 m sat system; no specific named in-window NW project confirmed.,shelfsubsea.com
DeepOcean,Oriental Dragon,NW Shelf (Perth-managed); candidate for major decom/construction,DP3 sat diving & subsea construction vessel (twin ROV),"Heavy IMR, construction, decommissioning",Current,,,,,,,Australia-managed,Largest/most modern DSV in the fleet (2019); twin-bell 24-man sat system.,shelfsubsea.com
DeepOcean,2026 WA subsea decommissioning campaign (vessel TBD),Undisclosed WA field — operator not disclosed,Decommissioning / IMR / ROV campaign,Suspend subsea trees; remove flowlines/riser/umbilical; recover DTM buoy,Likely / upcoming (2026),,,,,,,Perth-managed,First major DeepOcean Aus decom award (announced Oct 2025); 300–400 m WD; client/field/vessel undisclosed.,worldoil.com; offshore-energy.biz
Van Oord,Subsea rock-installation (fallpipe) vessel — unit undisclosed (Bravenes/Stornes/Nordnes class),Barossa GEP / Darwin Pipeline Duplication (DEME+Van Oord JV for Allseas) — Santos,Flexible fallpipe rock-installation vessel,Rock placement / pipeline stabilisation & protection,Recent (2023–25),,,,,,,Transient,JV with DEME under Allseas; nearshore/rock works completed 2025. Specific hull not disclosed.,deme-group.com; vanoord.com annual report
Van Oord,Dredger + shore-crossing spread (CSD/TSHD/backhoe + pull winch),"Darwin Pipeline Duplication landfall, Wickham Point (Barossa) — Santos",Dredging / trenching / landfall spread,"Seabed prep, trenching, shore-crossing, pipe-pull",Recent (2023–25),,,,,,,Transient,Same DEME/Van Oord JV; landfall works completed 2025.,splash247.com; vanoord.com
Van Oord,CSD 'Athena' + hopper dredgers (Ichthys),"Ichthys LNG, Darwin Harbour (Walker Shoal) — INPEX",Capital dredging spread,Hard-rock capital dredging for LNG marine access,Historical (2014),,,,,,,Transient,~15 Mm³ dredged; 8-month campaign. Establishes a long NW dredging track record.,bairdmaritime.com
Vantris (Sapura),Sapura Constructor,Northern Endeavour / Laminaria-Corallina decom — Australian Govt (via Petrofac),"Subsea construction / DSV (sat diving, 2× ROV)","Well suspension/flushing, subsea construction, decom",Recent / Current (2024–25),,,,,,,Transient (Darwin ops),Vantris's clearest NW deployment. Well suspension & pipeline flushing; FPSO disconnect H2 2025. Decom of an orphaned govt asset (not a Tier-1 project).,industry.gov.au; vantrisenergy.com
Vantris (Sapura),Sapura 3500,Australian decommissioning (field unspecified),"DP3 heavy-lift pipelay vessel (3,500 t crane)","Heavy-lift, pipelay, decommissioning",Recent (2023–25); departing,,,,,,,Transient,Vantris signalling redeployment to Brazil as Aus decom matures. Field not stated in sources.,offsnet.com; vantrisenergy.com
Vantris (Sapura),Sapura 1200,Australian decommissioning (with Sapura 3500),Derrick lay barge / heavy-lift-pipelay,"Heavy-lift, pipelay, structure install/removal",Recent (2023–25); departing,,,,,,,Transient,Field not stated; intended redeployment to Brazil.,offsnet.com
Vantris (Sapura),Dorado WHP (FEED),"Dorado, Bedout Sub-basin — Santos",Wellhead-platform EPCI — FEED only (no vessel yet),Design / build / install of unmanned WHP (~90 m WD),Likely / upcoming (stalled),,,,,,,n/a,"FEED won Aug 2021; Santos deferred FID (paused 2024–25). Contingent future award, not current work.",offshore-technology.com; nsenergybusiness.com
,,,,,,,,,,,,,,
LEGEND & METHOD,,,,,,,,,,,,,,
Presence colours:,,,,,,,,,,,,,,
  Current — on station / based here now,   ,,,,,,,,,,,,,
  Recent — worked NW region ~2023–2025,   ,,,,,,,,,,,,,
  Likely / upcoming — awarded or expected next ~year,   ,,,,,,,,,,,,,
  Historical / capability / overseas-fabrication (context),   ,,,,,,,,,,,,,
,,,,,,,,,,,,,,
"SCOPE: NW Australia offshore oil & gas (Carnarvon / North West Shelf, Browse, Bonaparte / Timor Sea; offshore WA & NT). Vessels/facilities now, recently, or likely next ~year + key historical NW context, flagged by Presence.",,,,,,,,,,,,,,
Columns parallel your 'Offshore - Key Assets' tab: Contractor (client) = the marine employer/organising unit; NW project & Tier-1 client links to your operators; 'Service line' is the marine sub-sector (pipelay / survey / diving-IMR / rock & dredging / decommissioning). scope + worker#/member#/EBA columns match your other tabs — blank to populate.,,,,,,,,,,,,,,
"Reality check: the NW marine universe now is dominated by (1) Scarborough & Barossa installation (mostly WRAPPING UP 2024–25), (2) Jansz-Io Compression (Saipem, LIVE now), and (3) a wave of WA decommissioning (Stybarrow/Griffin/Campbell/Northern Endeavour + DeepOcean's undisclosed 2026 award). Greenfield installation is thin; decommissioning is the growth area.",,,,,,,,,,,,,,
Bases matter for organising: Fugro and DeepOcean (via Shelf Subsea) have PERMANENT Perth workforces; Subsea7 & McDermott run Perth project offices; Saipem/Allseas/Van Oord/Vantris mobilise vessels TRANSIENTLY (crew changes via Dampier/Broome/Darwin).,,,,,,,,,,,,,,
"OUT OF NW REGION (excluded): Allseas 'Pioneering Spirit' → Bass Strait/Gippsland decom (ExxonMobil, 2027); Fugro 'Fugro Mariner' → Gippsland offshore WIND; Helix (Q7000, Bass Strait BMG). All SE Australia, not NW.",,,,,,,,,,,,,,
"ADJACENT contractors in the NW universe NOT on your 8 (say the word and I'll add them): DOF (Skandi Hercules — Stybarrow), TechnipFMC (Deep Orient — Griffin), Heerema, Boskalis (Scarborough FPU tow), CNOOC (Crux jacket T&I), Aker Solutions (Jansz-Io subsea compression supply), DEME (Van Oord's Barossa JV partner), Petrofac (Northern Endeavour Phase-1 manager). NB several already appear on your 'Offshore - contractors' Marine list (DOF, etc.).",,,,,,,,,,,,,,
'Vantris' = the 1 Aug 2025 rebrand of Sapura Energy (Malaysia); vessels keep their Sapura names. Its six Sapura PLSVs are all on charter to Petrobras in Brazil (not in region).,,,,,,,,,,,,,,
"Status as at Sep 2026, from contractor sites, NOPSEMA and offshore trade press. Vessel presence is transient — confirm current on-station status before publishing.",,,,,,,,,,,,,,
